<session version="1.1" release="S-2021.09" timestp="2024-03-07 07:00:16 GMT">
  <info>
    <attr name="datetime" value="Thu Mar  7 02:00:16 2024
"/>
    <attr name="command" value="urg -dir simv.vdb"/>
  </info>
  <hvp>
    <datadef>
      <metdef name="Group" type="percent" aggregator="average" builtin="1" />
    </datadef>
  </hvp>
  <old_coverage>
  <scope type="top" name="top">
    <metric name="Group" value="81.5%" />
  </scope>
  <scope type="instance" name="top">
  </scope>
  <scope type="group" name="top">
    <scope type="group" name="ahblite_ahb::coverage::apb_cov">
      <metric name="Group" value="81.5%" />
    </scope>
    <scope type="group" name="ahblite_ahb::coverage::ahblite_cov">
      <metric name="Group" value="81.5%" />
    </scope>
  </scope>
  <scope type="assert" name="Statistics">
  </scope>
  </old_coverage>
</session>