{
    "_vcs_DPI_package": [
        "_vcs_DPI_package",
        "uM9F1",
        "module",
        1
    ],
    "vcs_paramclassrepository": [
        "vcs_paramclassrepository",
        "hEeZs",
        "module",
        2
    ],
    "_vcs_unit__3176790586": [
        "_vcs_unit__3176790586",
        "tN16s",
        "module",
        3
    ],
    "std": [
        "std",
        "reYIK",
        "module",
        4
    ],
    "uvm_pkg": [
        "uvm_pkg",
        "zr7M1",
        "module",
        5
    ],
    "AHBLite_APB_Bridge": [
        "AHBLite_APB_Bridge",
        "s6cna",
        "module",
        6
    ],
    "ahblite_ahb": [
        "ahblite_ahb",
        "qZ9gd",
        "module",
        7
    ],
    "intf": [
        "intf",
        "k6LTY",
        "module",
        8
    ],
    "top": [
        "top",
        "Emx8S",
        "module",
        9
    ],
    "...MASTER...": [
        "SIM",
        "amcQw",
        "module",
        10
    ]
}